{
  "weights": [
    3.8328900006876094,
    -1.2754598468749325,
    1.0767189259469072,
    0.22768176532452497,
    -0.3280732134050653,
    -0.47568833951587025
  ],
  "win": 10000.0,
  "sign_accuracy": 0.884,
  "n": 500
}
